observed_on,asset_id,device_code,level_ft,inflow_cusecs,outflow_cusecs,discharge_cusecs,canal_offtake_cusecs,gate_pct_derived,source_authority,source_url
2026-07-29,1,RTU-TARBELA,1534.0,248000.0,219300.0,219300.0,0.0,,IRSA,http://pakirsa.gov.pk/Doc/Data29-07-2026.pdf
2026-07-29,2,RTU-MANGLA,1192.85,63806.0,8000.0,8000.0,0.0,,IRSA,http://pakirsa.gov.pk/Doc/Data29-07-2026.pdf
2026-07-29,3,PLC-CHASHMA,648.0,255235.0,223243.0,223243.0,6800.0,74.414,IRSA,http://pakirsa.gov.pk/Doc/Data29-07-2026.pdf
2026-07-29,4,PLC-KALABAGH,648.0,255235.0,223243.0,223243.0,8240.0,53.153,IRSA,http://pakirsa.gov.pk/Doc/Data29-07-2026.pdf
2026-07-29,5,PLC-TAUNSA,,310407.0,290407.0,290407.0,19500.0,100.0,IRSA,http://pakirsa.gov.pk/Doc/Data29-07-2026.pdf
2026-07-29,6,PLC-GUDDU,,383685.0,345191.0,345191.0,38494.0,100.0,IRSA,http://pakirsa.gov.pk/Doc/Data29-07-2026.pdf
2026-07-29,7,PLC-SUKKUR,,51965.0,8260.0,8260.0,56830.0,3.304,IRSA,http://pakirsa.gov.pk/Doc/Data29-07-2026.pdf
2026-07-29,8,PLC-KOTRI,,278910.0,222080.0,222080.0,43355.0,100.0,IRSA,http://pakirsa.gov.pk/Doc/Data29-07-2026.pdf
2026-07-29,9,RTU-NOWSHERA,,,,44200.0,0.0,,IRSA,http://pakirsa.gov.pk/Doc/Data29-07-2026.pdf
2026-07-29,10,RTU-MARALA,,93685.0,81685.0,81685.0,0.0,,IRSA,http://pakirsa.gov.pk/Doc/Data29-07-2026.pdf
2026-07-29,11,RTU-PANJNAD,,134622.0,120872.0,120872.0,0.0,,IRSA,http://pakirsa.gov.pk/Doc/Data29-07-2026.pdf
2026-07-30,1,RTU-TARBELA,1535.0,243900.0,215200.0,215200.0,0.0,,IRSA,http://pakirsa.gov.pk/Doc/Data30-07-2026.pdf
2026-07-30,2,RTU-MANGLA,1194.3,51740.0,8000.0,8000.0,0.0,,IRSA,http://pakirsa.gov.pk/Doc/Data30-07-2026.pdf
2026-07-30,3,PLC-CHASHMA,648.5,242854.0,220441.0,220441.0,6800.0,70.286,IRSA,http://pakirsa.gov.pk/Doc/Data30-07-2026.pdf
2026-07-30,4,PLC-KALABAGH,648.5,242854.0,220441.0,220441.0,7940.0,52.486,IRSA,http://pakirsa.gov.pk/Doc/Data30-07-2026.pdf
2026-07-30,5,PLC-TAUNSA,,217833.0,197833.0,197833.0,19500.0,79.133,IRSA,http://pakirsa.gov.pk/Doc/Data30-07-2026.pdf
2026-07-30,6,PLC-GUDDU,,426504.0,386860.0,386860.0,39644.0,100.0,IRSA,http://pakirsa.gov.pk/Doc/Data30-07-2026.pdf
2026-07-30,7,PLC-SUKKUR,,59939.0,16059.0,16059.0,56930.0,6.424,IRSA,http://pakirsa.gov.pk/Doc/Data30-07-2026.pdf
2026-07-30,8,PLC-KOTRI,,314833.0,257903.0,257903.0,43355.0,100.0,IRSA,http://pakirsa.gov.pk/Doc/Data30-07-2026.pdf
2026-07-30,9,RTU-NOWSHERA,,,,41700.0,0.0,,IRSA,http://pakirsa.gov.pk/Doc/Data30-07-2026.pdf
2026-07-30,10,RTU-MARALA,,95254.0,83254.0,83254.0,0.0,,IRSA,http://pakirsa.gov.pk/Doc/Data30-07-2026.pdf
2026-07-30,11,RTU-PANJNAD,,118504.0,104754.0,104754.0,0.0,,IRSA,http://pakirsa.gov.pk/Doc/Data30-07-2026.pdf
2026-07-31,1,RTU-TARBELA,1537.0,241000.0,184300.0,184300.0,0.0,,IRSA,http://pakirsa.gov.pk/Doc/Data31-07-2026.pdf
2026-07-31,2,RTU-MANGLA,1195.55,45124.0,7417.0,7417.0,0.0,,IRSA,http://pakirsa.gov.pk/Doc/Data31-07-2026.pdf
2026-07-31,3,PLC-CHASHMA,648.5,284226.0,275426.0,275426.0,6800.0,87.817,IRSA,http://pakirsa.gov.pk/Doc/Data31-07-2026.pdf
2026-07-31,4,PLC-KALABAGH,648.5,284226.0,275426.0,275426.0,7340.0,65.578,IRSA,http://pakirsa.gov.pk/Doc/Data31-07-2026.pdf
2026-07-31,5,PLC-TAUNSA,,226520.0,206920.0,206920.0,19100.0,82.768,IRSA,http://pakirsa.gov.pk/Doc/Data31-07-2026.pdf
2026-07-31,6,PLC-GUDDU,,426103.0,386860.0,386860.0,39243.0,100.0,IRSA,http://pakirsa.gov.pk/Doc/Data31-07-2026.pdf
2026-07-31,7,PLC-SUKKUR,,78780.0,35075.0,35075.0,56880.0,14.03,IRSA,http://pakirsa.gov.pk/Doc/Data31-07-2026.pdf
2026-07-31,8,PLC-KOTRI,,369054.0,312174.0,312174.0,43355.0,100.0,IRSA,http://pakirsa.gov.pk/Doc/Data31-07-2026.pdf
2026-07-31,9,RTU-NOWSHERA,,,,40100.0,0.0,,IRSA,http://pakirsa.gov.pk/Doc/Data31-07-2026.pdf
2026-07-31,10,RTU-MARALA,,80601.0,66520.0,66520.0,0.0,,IRSA,http://pakirsa.gov.pk/Doc/Data31-07-2026.pdf
2026-07-31,11,RTU-PANJNAD,,97285.0,83535.0,83535.0,0.0,,IRSA,http://pakirsa.gov.pk/Doc/Data31-07-2026.pdf
2026-08-01,1,RTU-TARBELA,1539.0,236700.0,180000.0,180000.0,0.0,,IRSA,http://pakirsa.gov.pk/Doc/Data01-08-2026.pdf
2026-08-01,2,RTU-MANGLA,1196.8,44707.0,7000.0,7000.0,0.0,,IRSA,http://pakirsa.gov.pk/Doc/Data01-08-2026.pdf
2026-08-01,3,PLC-CHASHMA,648.5,277249.0,268639.0,268639.0,6610.0,85.653,IRSA,http://pakirsa.gov.pk/Doc/Data01-08-2026.pdf
2026-08-01,4,PLC-KALABAGH,648.5,277249.0,268639.0,268639.0,6640.0,63.962,IRSA,http://pakirsa.gov.pk/Doc/Data01-08-2026.pdf
2026-08-01,5,PLC-TAUNSA,,241861.0,221761.0,221761.0,19600.0,88.704,IRSA,http://pakirsa.gov.pk/Doc/Data01-08-2026.pdf
2026-08-01,6,PLC-GUDDU,,336138.0,299209.0,299209.0,36929.0,99.736,IRSA,http://pakirsa.gov.pk/Doc/Data01-08-2026.pdf
2026-08-01,7,PLC-SUKKUR,,88962.0,48457.0,48457.0,54770.0,19.383,IRSA,http://pakirsa.gov.pk/Doc/Data01-08-2026.pdf
2026-08-01,8,PLC-KOTRI,,369534.0,314764.0,314764.0,40505.0,100.0,IRSA,http://pakirsa.gov.pk/Doc/Data01-08-2026.pdf
2026-08-01,9,RTU-NOWSHERA,,,,49400.0,0.0,,IRSA,http://pakirsa.gov.pk/Doc/Data01-08-2026.pdf
2026-08-01,10,RTU-MARALA,,87276.0,71576.0,71576.0,0.0,,IRSA,http://pakirsa.gov.pk/Doc/Data01-08-2026.pdf
2026-08-01,11,RTU-PANJNAD,,82025.0,68425.0,68425.0,0.0,,IRSA,http://pakirsa.gov.pk/Doc/Data01-08-2026.pdf
2026-08-02,1,RTU-TARBELA,1541.0,219700.0,162000.0,162000.0,0.0,,IRSA,http://pakirsa.gov.pk/Doc/Data02-08-2026.pdf
2026-08-02,2,RTU-MANGLA,1198.1,46215.0,7000.0,7000.0,0.0,,IRSA,http://pakirsa.gov.pk/Doc/Data02-08-2026.pdf
2026-08-02,3,PLC-CHASHMA,648.5,275473.0,267129.0,267129.0,6344.0,85.172,IRSA,http://pakirsa.gov.pk/Doc/Data02-08-2026.pdf
2026-08-02,4,PLC-KALABAGH,648.5,275473.0,267129.0,267129.0,6840.0,63.602,IRSA,http://pakirsa.gov.pk/Doc/Data02-08-2026.pdf
2026-08-02,5,PLC-TAUNSA,,261386.0,241686.0,241686.0,19200.0,96.674,IRSA,http://pakirsa.gov.pk/Doc/Data02-08-2026.pdf
2026-08-02,6,PLC-GUDDU,,270444.0,237121.0,237121.0,33323.0,79.04,IRSA,http://pakirsa.gov.pk/Doc/Data02-08-2026.pdf
2026-08-02,7,PLC-SUKKUR,,108780.0,75500.0,75500.0,53950.0,30.2,IRSA,http://pakirsa.gov.pk/Doc/Data02-08-2026.pdf
2026-08-02,8,PLC-KOTRI,,353192.0,299242.0,299242.0,33280.0,100.0,IRSA,http://pakirsa.gov.pk/Doc/Data02-08-2026.pdf
2026-08-02,9,RTU-NOWSHERA,,,,45200.0,0.0,,IRSA,http://pakirsa.gov.pk/Doc/Data02-08-2026.pdf
2026-08-02,10,RTU-MARALA,,90489.0,74789.0,74789.0,0.0,,IRSA,http://pakirsa.gov.pk/Doc/Data02-08-2026.pdf
2026-08-02,11,RTU-PANJNAD,,92336.0,79036.0,79036.0,0.0,,IRSA,http://pakirsa.gov.pk/Doc/Data02-08-2026.pdf
2026-08-03,1,RTU-TARBELA,1543.0,250700.0,191900.0,191900.0,0.0,,IRSA,http://pakirsa.gov.pk/Doc/Data03-08-2026.pdf
2026-08-03,2,RTU-MANGLA,1199.35,44707.0,7000.0,7000.0,0.0,,IRSA,http://pakirsa.gov.pk/Doc/Data03-08-2026.pdf
2026-08-03,3,PLC-CHASHMA,648.5,252047.0,243747.0,243747.0,6300.0,77.716,IRSA,http://pakirsa.gov.pk/Doc/Data03-08-2026.pdf
2026-08-03,4,PLC-KALABAGH,648.5,252047.0,243747.0,243747.0,6990.0,58.035,IRSA,http://pakirsa.gov.pk/Doc/Data03-08-2026.pdf
2026-08-03,5,PLC-TAUNSA,,254594.0,234894.0,234894.0,19200.0,93.958,IRSA,http://pakirsa.gov.pk/Doc/Data03-08-2026.pdf
2026-08-03,6,PLC-GUDDU,,258811.0,228467.0,228467.0,30344.0,76.156,IRSA,http://pakirsa.gov.pk/Doc/Data03-08-2026.pdf
2026-08-03,7,PLC-SUKKUR,,136370.0,118745.0,118745.0,53330.0,47.498,IRSA,http://pakirsa.gov.pk/Doc/Data03-08-2026.pdf
2026-08-03,8,PLC-KOTRI,,287583.0,234253.0,234253.0,17625.0,100.0,IRSA,http://pakirsa.gov.pk/Doc/Data03-08-2026.pdf
2026-08-03,9,RTU-NOWSHERA,,,,43700.0,0.0,,IRSA,http://pakirsa.gov.pk/Doc/Data03-08-2026.pdf
2026-08-03,10,RTU-MARALA,,85917.0,69884.0,69884.0,0.0,,IRSA,http://pakirsa.gov.pk/Doc/Data03-08-2026.pdf
2026-08-03,11,RTU-PANJNAD,,89067.0,76517.0,76517.0,0.0,,IRSA,http://pakirsa.gov.pk/Doc/Data03-08-2026.pdf
2026-08-04,1,RTU-TARBELA,1544.0,241300.0,211500.0,211500.0,0.0,,IRSA,http://pakirsa.gov.pk/Doc/Data04-08-2026.pdf
2026-08-04,2,RTU-MANGLA,1200.65,48046.0,7000.0,7000.0,0.0,,IRSA,http://pakirsa.gov.pk/Doc/Data04-08-2026.pdf
2026-08-04,3,PLC-CHASHMA,648.5,246053.0,237676.0,237676.0,6377.0,75.781,IRSA,http://pakirsa.gov.pk/Doc/Data04-08-2026.pdf
2026-08-04,4,PLC-KALABAGH,648.5,246053.0,237676.0,237676.0,6390.0,56.59,IRSA,http://pakirsa.gov.pk/Doc/Data04-08-2026.pdf
2026-08-04,5,PLC-TAUNSA,,241216.0,220916.0,220916.0,19800.0,88.366,IRSA,http://pakirsa.gov.pk/Doc/Data04-08-2026.pdf
2026-08-04,6,PLC-GUDDU,,273236.0,238815.0,238815.0,34421.0,79.605,IRSA,http://pakirsa.gov.pk/Doc/Data04-08-2026.pdf
2026-08-04,7,PLC-SUKKUR,,150005.0,125800.0,125800.0,54190.0,50.32,IRSA,http://pakirsa.gov.pk/Doc/Data04-08-2026.pdf
2026-08-04,8,PLC-KOTRI,,252870.0,198680.0,198680.0,24205.0,99.34,IRSA,http://pakirsa.gov.pk/Doc/Data04-08-2026.pdf
2026-08-04,9,RTU-NOWSHERA,,,,45400.0,0.0,,IRSA,http://pakirsa.gov.pk/Doc/Data04-08-2026.pdf
2026-08-04,10,RTU-MARALA,,89452.0,72227.0,72227.0,0.0,,IRSA,http://pakirsa.gov.pk/Doc/Data04-08-2026.pdf
2026-08-04,11,RTU-PANJNAD,,71203.0,58903.0,58903.0,0.0,,IRSA,http://pakirsa.gov.pk/Doc/Data04-08-2026.pdf
2026-08-05,1,RTU-TARBELA,1545.0,275400.0,245600.0,245600.0,0.0,,IRSA,http://pakirsa.gov.pk/Doc/Data05-08-2026.pdf
2026-08-05,2,RTU-MANGLA,1202.05,53177.0,7000.0,7000.0,0.0,,IRSA,http://pakirsa.gov.pk/Doc/Data05-08-2026.pdf
2026-08-05,3,PLC-CHASHMA,648.5,270742.0,262342.0,262342.0,6400.0,83.645,IRSA,http://pakirsa.gov.pk/Doc/Data05-08-2026.pdf
2026-08-05,4,PLC-KALABAGH,648.5,270742.0,262342.0,262342.0,6840.0,62.462,IRSA,http://pakirsa.gov.pk/Doc/Data05-08-2026.pdf
2026-08-05,5,PLC-TAUNSA,,211508.0,191208.0,191208.0,19800.0,76.483,IRSA,http://pakirsa.gov.pk/Doc/Data05-08-2026.pdf
2026-08-05,6,PLC-GUDDU,,244605.0,209301.0,209301.0,35304.0,69.767,IRSA,http://pakirsa.gov.pk/Doc/Data05-08-2026.pdf
2026-08-05,7,PLC-SUKKUR,,162950.0,131045.0,131045.0,53760.0,52.418,IRSA,http://pakirsa.gov.pk/Doc/Data05-08-2026.pdf
2026-08-05,8,PLC-KOTRI,,230688.0,176928.0,176928.0,31905.0,88.464,IRSA,http://pakirsa.gov.pk/Doc/Data05-08-2026.pdf
2026-08-05,9,RTU-NOWSHERA,,,,50500.0,0.0,,IRSA,http://pakirsa.gov.pk/Doc/Data05-08-2026.pdf
2026-08-05,10,RTU-MARALA,,92238.0,74329.0,74329.0,0.0,,IRSA,http://pakirsa.gov.pk/Doc/Data05-08-2026.pdf
2026-08-05,11,RTU-PANJNAD,,71603.0,58903.0,58903.0,0.0,,IRSA,http://pakirsa.gov.pk/Doc/Data05-08-2026.pdf
2026-08-06,1,RTU-TARBELA,1546.0,277900.0,248100.0,248100.0,0.0,,IRSA,http://pakirsa.gov.pk/Doc/Data06-08-2026.pdf
2026-08-06,2,RTU-MANGLA,1203.25,46580.0,7000.0,7000.0,0.0,,IRSA,http://pakirsa.gov.pk/Doc/Data06-08-2026.pdf
2026-08-06,3,PLC-CHASHMA,648.5,304906.0,296506.0,296506.0,6400.0,94.538,IRSA,http://pakirsa.gov.pk/Doc/Data06-08-2026.pdf
2026-08-06,4,PLC-KALABAGH,648.5,304906.0,296506.0,296506.0,7140.0,70.597,IRSA,http://pakirsa.gov.pk/Doc/Data06-08-2026.pdf
2026-08-06,5,PLC-TAUNSA,,236775.0,216075.0,216075.0,20200.0,86.43,IRSA,http://pakirsa.gov.pk/Doc/Data06-08-2026.pdf
2026-08-06,6,PLC-GUDDU,,237138.0,196236.0,196236.0,40902.0,65.412,IRSA,http://pakirsa.gov.pk/Doc/Data06-08-2026.pdf
2026-08-06,7,PLC-SUKKUR,,163930.0,131045.0,131045.0,50930.0,52.418,IRSA,http://pakirsa.gov.pk/Doc/Data06-08-2026.pdf
2026-08-06,8,PLC-KOTRI,,206680.0,155750.0,155750.0,32885.0,77.875,IRSA,http://pakirsa.gov.pk/Doc/Data06-08-2026.pdf
2026-08-06,9,RTU-NOWSHERA,,,,52100.0,0.0,,IRSA,http://pakirsa.gov.pk/Doc/Data06-08-2026.pdf
2026-08-06,10,RTU-MARALA,,86222.0,67417.0,67417.0,0.0,,IRSA,http://pakirsa.gov.pk/Doc/Data06-08-2026.pdf
2026-08-06,11,RTU-PANJNAD,,79037.0,66187.0,66187.0,0.0,,IRSA,http://pakirsa.gov.pk/Doc/Data06-08-2026.pdf
2026-08-07,1,RTU-TARBELA,1547.0,255700.0,225900.0,225900.0,0.0,,IRSA,http://pakirsa.gov.pk/Doc/Data07-08-2026.pdf
2026-08-07,2,RTU-MANGLA,1204.25,39938.0,7000.0,7000.0,0.0,,IRSA,http://pakirsa.gov.pk/Doc/Data07-08-2026.pdf
2026-08-07,3,PLC-CHASHMA,648.5,332512.0,324035.0,324035.0,6477.0,100.0,IRSA,http://pakirsa.gov.pk/Doc/Data07-08-2026.pdf
2026-08-07,4,PLC-KALABAGH,648.5,332512.0,324035.0,324035.0,7640.0,77.151,IRSA,http://pakirsa.gov.pk/Doc/Data07-08-2026.pdf
2026-08-07,5,PLC-TAUNSA,,247798.0,227098.0,227098.0,20200.0,90.839,IRSA,http://pakirsa.gov.pk/Doc/Data07-08-2026.pdf
2026-08-07,6,PLC-GUDDU,,217836.0,176124.0,176124.0,41712.0,58.708,IRSA,http://pakirsa.gov.pk/Doc/Data07-08-2026.pdf
2026-08-07,7,PLC-SUKKUR,,165330.0,131045.0,131045.0,53250.0,52.418,IRSA,http://pakirsa.gov.pk/Doc/Data07-08-2026.pdf
2026-08-07,8,PLC-KOTRI,,194330.0,141080.0,141080.0,34285.0,70.54,IRSA,http://pakirsa.gov.pk/Doc/Data07-08-2026.pdf
2026-08-07,9,RTU-NOWSHERA,,,,46300.0,0.0,,IRSA,http://pakirsa.gov.pk/Doc/Data07-08-2026.pdf
2026-08-07,10,RTU-MARALA,,73351.0,53423.0,53423.0,0.0,,IRSA,http://pakirsa.gov.pk/Doc/Data07-08-2026.pdf
2026-08-07,11,RTU-PANJNAD,,63032.0,50282.0,50282.0,0.0,,IRSA,http://pakirsa.gov.pk/Doc/Data07-08-2026.pdf
2026-08-08,1,RTU-TARBELA,1548.0,244200.0,214400.0,214400.0,0.0,,IRSA,http://pakirsa.gov.pk/Doc/Data08-08-2026.pdf
2026-08-08,2,RTU-MANGLA,1205.2,38335.0,7000.0,7000.0,0.0,,IRSA,http://pakirsa.gov.pk/Doc/Data08-08-2026.pdf
2026-08-08,3,PLC-CHASHMA,648.5,319105.0,310605.0,310605.0,6500.0,99.033,IRSA,http://pakirsa.gov.pk/Doc/Data08-08-2026.pdf
2026-08-08,4,PLC-KALABAGH,648.5,319105.0,310605.0,310605.0,7640.0,73.954,IRSA,http://pakirsa.gov.pk/Doc/Data08-08-2026.pdf
2026-08-08,5,PLC-TAUNSA,,330190.0,309490.0,309490.0,20200.0,100.0,IRSA,http://pakirsa.gov.pk/Doc/Data08-08-2026.pdf
2026-08-08,6,PLC-GUDDU,,236832.0,206396.0,206396.0,30436.0,68.799,IRSA,http://pakirsa.gov.pk/Doc/Data08-08-2026.pdf
2026-08-08,7,PLC-SUKKUR,,179191.0,142486.0,142486.0,53450.0,56.994,IRSA,http://pakirsa.gov.pk/Doc/Data08-08-2026.pdf
2026-08-08,8,PLC-KOTRI,,169750.0,116300.0,116300.0,36705.0,58.15,IRSA,http://pakirsa.gov.pk/Doc/Data08-08-2026.pdf
2026-08-08,9,RTU-NOWSHERA,,,,43900.0,0.0,,IRSA,http://pakirsa.gov.pk/Doc/Data08-08-2026.pdf
2026-08-08,10,RTU-MARALA,,66123.0,45773.0,45773.0,0.0,,IRSA,http://pakirsa.gov.pk/Doc/Data08-08-2026.pdf
2026-08-08,11,RTU-PANJNAD,,63332.0,50282.0,50282.0,0.0,,IRSA,http://pakirsa.gov.pk/Doc/Data08-08-2026.pdf
2026-08-09,1,RTU-TARBELA,1549.0,205700.0,175900.0,175900.0,0.0,,IRSA,http://pakirsa.gov.pk/Doc/Data09-08-2026.pdf
2026-08-09,2,RTU-MANGLA,1205.95,31737.0,7000.0,7000.0,0.0,,IRSA,http://pakirsa.gov.pk/Doc/Data09-08-2026.pdf
2026-08-09,3,PLC-CHASHMA,648.5,300655.0,292051.0,292051.0,6604.0,93.118,IRSA,http://pakirsa.gov.pk/Doc/Data09-08-2026.pdf
2026-08-09,4,PLC-KALABAGH,648.5,300655.0,292051.0,292051.0,7640.0,69.536,IRSA,http://pakirsa.gov.pk/Doc/Data09-08-2026.pdf
2026-08-09,5,PLC-TAUNSA,,344329.0,323629.0,323629.0,20200.0,100.0,IRSA,http://pakirsa.gov.pk/Doc/Data09-08-2026.pdf
2026-08-09,6,PLC-GUDDU,,238211.0,200392.0,200392.0,37819.0,66.797,IRSA,http://pakirsa.gov.pk/Doc/Data09-08-2026.pdf
2026-08-09,7,PLC-SUKKUR,,182131.0,142486.0,142486.0,53470.0,56.994,IRSA,http://pakirsa.gov.pk/Doc/Data09-08-2026.pdf
2026-08-09,8,PLC-KOTRI,,169770.0,116300.0,116300.0,39645.0,58.15,IRSA,http://pakirsa.gov.pk/Doc/Data09-08-2026.pdf
2026-08-09,9,RTU-NOWSHERA,,,,40000.0,0.0,,IRSA,http://pakirsa.gov.pk/Doc/Data09-08-2026.pdf
2026-08-09,10,RTU-MARALA,,64967.0,44955.0,44955.0,0.0,,IRSA,http://pakirsa.gov.pk/Doc/Data09-08-2026.pdf
2026-08-09,11,RTU-PANJNAD,,61668.0,48618.0,48618.0,0.0,,IRSA,http://pakirsa.gov.pk/Doc/Data09-08-2026.pdf
2026-08-10,1,RTU-TARBELA,1550.0,199100.0,169300.0,169300.0,0.0,,IRSA,http://pakirsa.gov.pk/Doc/Data10-08-2026.pdf
2026-08-10,2,RTU-MANGLA,1206.9,38334.0,7000.0,7000.0,0.0,,IRSA,http://pakirsa.gov.pk/Doc/Data10-08-2026.pdf
2026-08-10,3,PLC-CHASHMA,648.5,253616.0,244778.0,244778.0,6838.0,78.045,IRSA,http://pakirsa.gov.pk/Doc/Data10-08-2026.pdf
2026-08-10,4,PLC-KALABAGH,648.5,253616.0,244778.0,244778.0,7624.0,58.28,IRSA,http://pakirsa.gov.pk/Doc/Data10-08-2026.pdf
2026-08-10,5,PLC-TAUNSA,,330041.0,309041.0,309041.0,20500.0,100.0,IRSA,http://pakirsa.gov.pk/Doc/Data10-08-2026.pdf
2026-08-10,6,PLC-GUDDU,,273660.0,233331.0,233331.0,40329.0,77.777,IRSA,http://pakirsa.gov.pk/Doc/Data10-08-2026.pdf
2026-08-10,7,PLC-SUKKUR,,171184.0,130119.0,130119.0,53470.0,52.048,IRSA,http://pakirsa.gov.pk/Doc/Data10-08-2026.pdf
2026-08-10,8,PLC-KOTRI,,181590.0,128120.0,128120.0,41065.0,64.06,IRSA,http://pakirsa.gov.pk/Doc/Data10-08-2026.pdf
2026-08-10,9,RTU-NOWSHERA,,,,36200.0,0.0,,IRSA,http://pakirsa.gov.pk/Doc/Data10-08-2026.pdf
2026-08-10,10,RTU-MARALA,,70117.0,56200.0,56200.0,0.0,,IRSA,http://pakirsa.gov.pk/Doc/Data10-08-2026.pdf
2026-08-10,11,RTU-PANJNAD,,52244.0,39194.0,39194.0,0.0,,IRSA,http://pakirsa.gov.pk/Doc/Data10-08-2026.pdf
2026-08-11,1,RTU-TARBELA,1550.0,210700.0,209900.0,209900.0,0.0,,IRSA,http://pakirsa.gov.pk/Doc/Data11-08-2026.pdf
2026-08-11,2,RTU-MANGLA,1207.65,31737.0,7000.0,7000.0,0.0,,IRSA,http://pakirsa.gov.pk/Doc/Data11-08-2026.pdf
2026-08-11,3,PLC-CHASHMA,648.5,235786.0,227046.0,227046.0,6740.0,72.391,IRSA,http://pakirsa.gov.pk/Doc/Data11-08-2026.pdf
2026-08-11,4,PLC-KALABAGH,648.5,235786.0,227046.0,227046.0,7940.0,54.059,IRSA,http://pakirsa.gov.pk/Doc/Data11-08-2026.pdf
2026-08-11,5,PLC-TAUNSA,,233961.0,216961.0,216961.0,16500.0,86.784,IRSA,http://pakirsa.gov.pk/Doc/Data11-08-2026.pdf
2026-08-11,6,PLC-GUDDU,,300431.0,262408.0,262408.0,38023.0,87.469,IRSA,http://pakirsa.gov.pk/Doc/Data11-08-2026.pdf
2026-08-11,7,PLC-SUKKUR,,171184.0,130119.0,130119.0,53820.0,52.048,IRSA,http://pakirsa.gov.pk/Doc/Data11-08-2026.pdf
2026-08-11,8,PLC-KOTRI,,209330.0,155510.0,155510.0,41065.0,77.755,IRSA,http://pakirsa.gov.pk/Doc/Data11-08-2026.pdf
2026-08-11,9,RTU-NOWSHERA,,,,32300.0,0.0,,IRSA,http://pakirsa.gov.pk/Doc/Data11-08-2026.pdf
2026-08-11,10,RTU-MARALA,,71450.0,56190.0,56190.0,0.0,,IRSA,http://pakirsa.gov.pk/Doc/Data11-08-2026.pdf
2026-08-11,11,RTU-PANJNAD,,49453.0,36303.0,36303.0,0.0,,IRSA,http://pakirsa.gov.pk/Doc/Data11-08-2026.pdf
2026-08-12,1,RTU-TARBELA,1550.0,225500.0,224700.0,224700.0,0.0,,IRSA,http://pakirsa.gov.pk/Doc/Data12-08-2026.pdf
2026-08-12,2,RTU-MANGLA,1208.4,31737.0,7000.0,7000.0,0.0,,IRSA,http://pakirsa.gov.pk/Doc/Data12-08-2026.pdf
2026-08-12,3,PLC-CHASHMA,648.5,236332.0,227732.0,227732.0,6600.0,72.61,IRSA,http://pakirsa.gov.pk/Doc/Data12-08-2026.pdf
2026-08-12,4,PLC-KALABAGH,648.5,236332.0,227732.0,227732.0,7940.0,54.222,IRSA,http://pakirsa.gov.pk/Doc/Data12-08-2026.pdf
2026-08-12,5,PLC-TAUNSA,,216310.0,198910.0,198910.0,16900.0,79.564,IRSA,http://pakirsa.gov.pk/Doc/Data12-08-2026.pdf
2026-08-12,6,PLC-GUDDU,,300431.0,262408.0,262408.0,38023.0,87.469,IRSA,http://pakirsa.gov.pk/Doc/Data12-08-2026.pdf
2026-08-12,7,PLC-SUKKUR,,171184.0,130119.0,130119.0,54020.0,52.048,IRSA,http://pakirsa.gov.pk/Doc/Data12-08-2026.pdf
2026-08-12,8,PLC-KOTRI,,240330.0,186310.0,186310.0,41065.0,93.155,IRSA,http://pakirsa.gov.pk/Doc/Data12-08-2026.pdf
2026-08-12,9,RTU-NOWSHERA,,,,30000.0,0.0,,IRSA,http://pakirsa.gov.pk/Doc/Data12-08-2026.pdf
2026-08-12,10,RTU-MARALA,,85870.0,71098.0,71098.0,0.0,,IRSA,http://pakirsa.gov.pk/Doc/Data12-08-2026.pdf
2026-08-12,11,RTU-PANJNAD,,48064.0,34814.0,34814.0,0.0,,IRSA,http://pakirsa.gov.pk/Doc/Data12-08-2026.pdf
2026-08-13,1,RTU-TARBELA,1550.0,257600.0,256800.0,256800.0,0.0,,IRSA,http://pakirsa.gov.pk/Doc/Data13-08-2026.pdf
2026-08-13,2,RTU-MANGLA,1209.1,30088.0,7000.0,7000.0,0.0,,IRSA,http://pakirsa.gov.pk/Doc/Data13-08-2026.pdf
2026-08-13,3,PLC-CHASHMA,648.5,254957.0,246203.0,246203.0,6754.0,78.5,IRSA,http://pakirsa.gov.pk/Doc/Data13-08-2026.pdf
2026-08-13,4,PLC-KALABAGH,648.5,254957.0,246203.0,246203.0,7940.0,58.62,IRSA,http://pakirsa.gov.pk/Doc/Data13-08-2026.pdf
2026-08-13,5,PLC-TAUNSA,,211028.0,193628.0,193628.0,16900.0,77.451,IRSA,http://pakirsa.gov.pk/Doc/Data13-08-2026.pdf
2026-08-13,6,PLC-GUDDU,,288650.0,252755.0,252755.0,35895.0,84.252,IRSA,http://pakirsa.gov.pk/Doc/Data13-08-2026.pdf
2026-08-13,7,PLC-SUKKUR,,158991.0,116546.0,116546.0,54020.0,46.618,IRSA,http://pakirsa.gov.pk/Doc/Data13-08-2026.pdf
2026-08-13,8,PLC-KOTRI,,240330.0,186310.0,186310.0,42445.0,93.155,IRSA,http://pakirsa.gov.pk/Doc/Data13-08-2026.pdf
2026-08-13,9,RTU-NOWSHERA,,,,32500.0,0.0,,IRSA,http://pakirsa.gov.pk/Doc/Data13-08-2026.pdf
2026-08-13,10,RTU-MARALA,,82712.0,67462.0,67462.0,0.0,,IRSA,http://pakirsa.gov.pk/Doc/Data13-08-2026.pdf
2026-08-13,11,RTU-PANJNAD,,45585.0,31635.0,31635.0,0.0,,IRSA,http://pakirsa.gov.pk/Doc/Data13-08-2026.pdf
2026-08-14,1,RTU-TARBELA,1550.0,274100.0,273300.0,273300.0,0.0,,IRSA,http://pakirsa.gov.pk/Doc/Data14-08-2026.pdf
2026-08-14,2,RTU-MANGLA,1209.75,28439.0,7000.0,7000.0,0.0,,IRSA,http://pakirsa.gov.pk/Doc/Data14-08-2026.pdf
2026-08-14,3,PLC-CHASHMA,648.5,286614.0,277733.0,277733.0,6881.0,88.553,IRSA,http://pakirsa.gov.pk/Doc/Data14-08-2026.pdf
2026-08-14,4,PLC-KALABAGH,648.5,286614.0,277733.0,277733.0,7940.0,66.127,IRSA,http://pakirsa.gov.pk/Doc/Data14-08-2026.pdf
2026-08-14,5,PLC-TAUNSA,,228107.0,214207.0,214207.0,13400.0,85.683,IRSA,http://pakirsa.gov.pk/Doc/Data14-08-2026.pdf
2026-08-14,6,PLC-GUDDU,,239533.0,205805.0,205805.0,33728.0,68.602,IRSA,http://pakirsa.gov.pk/Doc/Data14-08-2026.pdf
2026-08-14,7,PLC-SUKKUR,,158991.0,116546.0,116546.0,54050.0,46.618,IRSA,http://pakirsa.gov.pk/Doc/Data14-08-2026.pdf
2026-08-14,8,PLC-KOTRI,,224100.0,170050.0,170050.0,42445.0,85.025,IRSA,http://pakirsa.gov.pk/Doc/Data14-08-2026.pdf
2026-08-14,9,RTU-NOWSHERA,,,,32700.0,0.0,,IRSA,http://pakirsa.gov.pk/Doc/Data14-08-2026.pdf
2026-08-14,10,RTU-MARALA,,81033.0,62034.0,62034.0,0.0,,IRSA,http://pakirsa.gov.pk/Doc/Data14-08-2026.pdf
2026-08-14,11,RTU-PANJNAD,,45585.0,31635.0,31635.0,0.0,,IRSA,http://pakirsa.gov.pk/Doc/Data14-08-2026.pdf
2026-08-15,1,RTU-TARBELA,1550.0,272200.0,271600.0,271600.0,0.0,,IRSA,http://pakirsa.gov.pk/Doc/Data15-08-2026.pdf
2026-08-15,2,RTU-MANGLA,1210.45,31036.0,7000.0,7000.0,0.0,,IRSA,http://pakirsa.gov.pk/Doc/Data15-08-2026.pdf
2026-08-15,3,PLC-CHASHMA,648.5,320130.0,311270.0,311270.0,6860.0,99.246,IRSA,http://pakirsa.gov.pk/Doc/Data15-08-2026.pdf
2026-08-15,4,PLC-KALABAGH,648.5,320130.0,311270.0,311270.0,7940.0,74.112,IRSA,http://pakirsa.gov.pk/Doc/Data15-08-2026.pdf
2026-08-15,5,PLC-TAUNSA,,238045.0,224145.0,224145.0,13400.0,89.658,IRSA,http://pakirsa.gov.pk/Doc/Data15-08-2026.pdf
2026-08-15,6,PLC-GUDDU,,209206.0,174860.0,174860.0,34346.0,58.287,IRSA,http://pakirsa.gov.pk/Doc/Data15-08-2026.pdf
2026-08-15,7,PLC-SUKKUR,,153592.0,111427.0,111427.0,54020.0,44.571,IRSA,http://pakirsa.gov.pk/Doc/Data15-08-2026.pdf
2026-08-15,8,PLC-KOTRI,,199130.0,145110.0,145110.0,42165.0,72.555,IRSA,http://pakirsa.gov.pk/Doc/Data15-08-2026.pdf
2026-08-15,9,RTU-NOWSHERA,,,,30500.0,0.0,,IRSA,http://pakirsa.gov.pk/Doc/Data15-08-2026.pdf
2026-08-15,10,RTU-MARALA,,87401.0,67151.0,67151.0,0.0,,IRSA,http://pakirsa.gov.pk/Doc/Data15-08-2026.pdf
2026-08-15,11,RTU-PANJNAD,,45585.0,31635.0,31635.0,0.0,,IRSA,http://pakirsa.gov.pk/Doc/Data15-08-2026.pdf
2026-08-16,1,RTU-TARBELA,1550.0,264300.0,263700.0,263700.0,0.0,,IRSA,http://pakirsa.gov.pk/Doc/Data16-08-2026.pdf
2026-08-16,2,RTU-MANGLA,1211.3,36825.0,7000.0,7000.0,0.0,,IRSA,http://pakirsa.gov.pk/Doc/Data16-08-2026.pdf
2026-08-16,3,PLC-CHASHMA,648.5,326878.0,318078.0,318078.0,6800.0,100.0,IRSA,http://pakirsa.gov.pk/Doc/Data16-08-2026.pdf
2026-08-16,4,PLC-KALABAGH,648.5,326878.0,318078.0,318078.0,8140.0,75.733,IRSA,http://pakirsa.gov.pk/Doc/Data16-08-2026.pdf
2026-08-16,5,PLC-TAUNSA,,324009.0,306109.0,306109.0,17400.0,100.0,IRSA,http://pakirsa.gov.pk/Doc/Data16-08-2026.pdf
2026-08-16,6,PLC-GUDDU,,223343.0,187988.0,187988.0,35355.0,62.663,IRSA,http://pakirsa.gov.pk/Doc/Data16-08-2026.pdf
2026-08-16,7,PLC-SUKKUR,,157209.0,114904.0,114904.0,54020.0,45.962,IRSA,http://pakirsa.gov.pk/Doc/Data16-08-2026.pdf
2026-08-16,8,PLC-KOTRI,,170900.0,116880.0,116880.0,42305.0,58.44,IRSA,http://pakirsa.gov.pk/Doc/Data16-08-2026.pdf
2026-08-16,9,RTU-NOWSHERA,,,,31500.0,0.0,,IRSA,http://pakirsa.gov.pk/Doc/Data16-08-2026.pdf
2026-08-16,10,RTU-MARALA,,78572.0,57713.0,57713.0,0.0,,IRSA,http://pakirsa.gov.pk/Doc/Data16-08-2026.pdf
2026-08-16,11,RTU-PANJNAD,,45271.0,31271.0,31271.0,0.0,,IRSA,http://pakirsa.gov.pk/Doc/Data16-08-2026.pdf
2026-08-18,1,RTU-TARBELA,1550.0,233200.0,232600.0,232600.0,0.0,,IRSA,http://pakirsa.gov.pk/Doc/Data18-08-2026.pdf
2026-08-18,2,RTU-MANGLA,1212.5,29808.0,7000.0,7000.0,0.0,,IRSA,http://pakirsa.gov.pk/Doc/Data18-08-2026.pdf
2026-08-18,3,PLC-CHASHMA,648.5,327139.0,318339.0,318339.0,6800.0,100.0,IRSA,http://pakirsa.gov.pk/Doc/Data18-08-2026.pdf
2026-08-18,4,PLC-KALABAGH,648.5,327139.0,318339.0,318339.0,8300.0,75.795,IRSA,http://pakirsa.gov.pk/Doc/Data18-08-2026.pdf
2026-08-18,5,PLC-TAUNSA,,338697.0,318597.0,318597.0,19600.0,100.0,IRSA,http://pakirsa.gov.pk/Doc/Data18-08-2026.pdf
2026-08-18,6,PLC-GUDDU,,273988.0,236961.0,236961.0,37027.0,78.987,IRSA,http://pakirsa.gov.pk/Doc/Data18-08-2026.pdf
2026-08-18,7,PLC-SUKKUR,,155520.0,112795.0,112795.0,53850.0,45.118,IRSA,http://pakirsa.gov.pk/Doc/Data18-08-2026.pdf
2026-08-18,8,PLC-KOTRI,,193010.0,139160.0,139160.0,42725.0,69.58,IRSA,http://pakirsa.gov.pk/Doc/Data18-08-2026.pdf
2026-08-18,9,RTU-NOWSHERA,,,,31500.0,0.0,,IRSA,http://pakirsa.gov.pk/Doc/Data18-08-2026.pdf
2026-08-18,10,RTU-MARALA,,66470.0,41220.0,41220.0,0.0,,IRSA,http://pakirsa.gov.pk/Doc/Data18-08-2026.pdf
2026-08-18,11,RTU-PANJNAD,,49060.0,34410.0,34410.0,0.0,,IRSA,http://pakirsa.gov.pk/Doc/Data18-08-2026.pdf
2026-08-20,1,RTU-TARBELA,,,,,0.0,,FFD,https://ffd.pmd.gov.pk/bulletins/archive
2026-08-20,2,RTU-MANGLA,,,,,0.0,,FFD,https://ffd.pmd.gov.pk/bulletins/archive
2026-08-20,3,PLC-CHASHMA,,,,,0.0,,FFD,https://ffd.pmd.gov.pk/bulletins/archive
2026-08-20,4,PLC-KALABAGH,,,,,0.0,,FFD,https://ffd.pmd.gov.pk/bulletins/archive
2026-08-20,5,PLC-TAUNSA,,,,,0.0,,FFD,https://ffd.pmd.gov.pk/bulletins/archive
2026-08-20,6,PLC-GUDDU,,,,,0.0,,FFD,https://ffd.pmd.gov.pk/bulletins/archive
2026-08-20,7,PLC-SUKKUR,,,,,0.0,,FFD,https://ffd.pmd.gov.pk/bulletins/archive
2026-08-20,8,PLC-KOTRI,,,,,0.0,,FFD,https://ffd.pmd.gov.pk/bulletins/archive
2026-08-20,10,RTU-MARALA,,145800.0,145800.0,145800.0,0.0,,FFD,https://ffd.pmd.gov.pk/bulletins/archive
2026-08-20,11,RTU-PANJNAD,,42300.0,42300.0,42300.0,0.0,,FFD,https://ffd.pmd.gov.pk/bulletins/archive
2026-08-21,1,RTU-TARBELA,1550.0,259900.0,259900.0,259900.0,0.0,,IRSA,http://pakirsa.gov.pk/Doc/Data21-08-2026.pdf
2026-08-21,2,RTU-MANGLA,1215.0,40334.0,7000.0,7000.0,0.0,,IRSA,http://pakirsa.gov.pk/Doc/Data21-08-2026.pdf
2026-08-21,3,PLC-CHASHMA,647.0,295087.0,322991.0,322991.0,6900.0,100.0,IRSA,http://pakirsa.gov.pk/Doc/Data21-08-2026.pdf
2026-08-21,4,PLC-KALABAGH,647.0,295087.0,322991.0,322991.0,8300.0,76.903,IRSA,http://pakirsa.gov.pk/Doc/Data21-08-2026.pdf
2026-08-21,5,PLC-TAUNSA,,317531.0,296931.0,296931.0,20100.0,100.0,IRSA,http://pakirsa.gov.pk/Doc/Data21-08-2026.pdf
2026-08-21,6,PLC-GUDDU,,322227.0,282760.0,282760.0,39467.0,94.253,IRSA,http://pakirsa.gov.pk/Doc/Data21-08-2026.pdf
2026-08-21,7,PLC-SUKKUR,,129496.0,86631.0,86631.0,53870.0,34.652,IRSA,http://pakirsa.gov.pk/Doc/Data21-08-2026.pdf
2026-08-21,8,PLC-KOTRI,,267230.0,213360.0,213360.0,42865.0,100.0,IRSA,http://pakirsa.gov.pk/Doc/Data21-08-2026.pdf
2026-08-21,9,RTU-NOWSHERA,,,,43500.0,0.0,,IRSA,http://pakirsa.gov.pk/Doc/Data21-08-2026.pdf
2026-08-21,10,RTU-MARALA,,104457.0,90373.0,90373.0,0.0,,IRSA,http://pakirsa.gov.pk/Doc/Data21-08-2026.pdf
2026-08-21,11,RTU-PANJNAD,,42259.0,27609.0,27609.0,0.0,,IRSA,http://pakirsa.gov.pk/Doc/Data21-08-2026.pdf
2026-08-22,1,RTU-TARBELA,,,,,0.0,,FFD,https://ffd.pmd.gov.pk/bulletins/archive
2026-08-22,2,RTU-MANGLA,,,,,0.0,,FFD,https://ffd.pmd.gov.pk/bulletins/archive
2026-08-22,3,PLC-CHASHMA,,,,,0.0,,FFD,https://ffd.pmd.gov.pk/bulletins/archive
2026-08-22,4,PLC-KALABAGH,,,,,0.0,,FFD,https://ffd.pmd.gov.pk/bulletins/archive
2026-08-22,5,PLC-TAUNSA,,,,,0.0,,FFD,https://ffd.pmd.gov.pk/bulletins/archive
2026-08-22,6,PLC-GUDDU,,,,,0.0,,FFD,https://ffd.pmd.gov.pk/bulletins/archive
2026-08-22,7,PLC-SUKKUR,,,,,0.0,,FFD,https://ffd.pmd.gov.pk/bulletins/archive
2026-08-22,8,PLC-KOTRI,,,,,0.0,,FFD,https://ffd.pmd.gov.pk/bulletins/archive
2026-08-22,10,RTU-MARALA,,74300.0,74300.0,74300.0,0.0,,FFD,https://ffd.pmd.gov.pk/bulletins/archive
2026-08-22,11,RTU-PANJNAD,,38500.0,38500.0,38500.0,0.0,,FFD,https://ffd.pmd.gov.pk/bulletins/archive
2026-08-25,1,RTU-TARBELA,1550.0,208200.0,208200.0,208200.0,0.0,,IRSA,http://pakirsa.gov.pk/Doc/Data25-08-2026.pdf
2026-08-25,2,RTU-MANGLA,1217.5,24544.0,7000.0,7000.0,0.0,,IRSA,http://pakirsa.gov.pk/Doc/Data25-08-2026.pdf
2026-08-25,3,PLC-CHASHMA,647.0,362919.0,344190.0,344190.0,16729.0,100.0,IRSA,http://pakirsa.gov.pk/Doc/Data25-08-2026.pdf
2026-08-25,4,PLC-KALABAGH,647.0,362919.0,344190.0,344190.0,8040.0,81.95,IRSA,http://pakirsa.gov.pk/Doc/Data25-08-2026.pdf
2026-08-25,5,PLC-TAUNSA,,375909.0,362309.0,362309.0,13100.0,100.0,IRSA,http://pakirsa.gov.pk/Doc/Data25-08-2026.pdf
2026-08-25,6,PLC-GUDDU,,313413.0,279538.0,279538.0,33875.0,93.179,IRSA,http://pakirsa.gov.pk/Doc/Data25-08-2026.pdf
2026-08-25,7,PLC-SUKKUR,,149123.0,106118.0,106118.0,53650.0,42.447,IRSA,http://pakirsa.gov.pk/Doc/Data25-08-2026.pdf
2026-08-25,8,PLC-KOTRI,,253700.0,200050.0,200050.0,43005.0,100.0,IRSA,http://pakirsa.gov.pk/Doc/Data25-08-2026.pdf
2026-08-25,9,RTU-NOWSHERA,,,,34400.0,0.0,,IRSA,http://pakirsa.gov.pk/Doc/Data25-08-2026.pdf
2026-08-25,10,RTU-MARALA,,52446.0,33346.0,33346.0,0.0,,IRSA,http://pakirsa.gov.pk/Doc/Data25-08-2026.pdf
2026-08-25,11,RTU-PANJNAD,,67629.0,52979.0,52979.0,0.0,,IRSA,http://pakirsa.gov.pk/Doc/Data25-08-2026.pdf
2026-08-26,1,RTU-TARBELA,,,,,0.0,,FFD,https://ffd.pmd.gov.pk/bulletins/archive
2026-08-26,2,RTU-MANGLA,,,,,0.0,,FFD,https://ffd.pmd.gov.pk/bulletins/archive
2026-08-26,3,PLC-CHASHMA,,,,,0.0,,FFD,https://ffd.pmd.gov.pk/bulletins/archive
2026-08-26,4,PLC-KALABAGH,,,,,0.0,,FFD,https://ffd.pmd.gov.pk/bulletins/archive
2026-08-26,5,PLC-TAUNSA,,,,,0.0,,FFD,https://ffd.pmd.gov.pk/bulletins/archive
2026-08-26,6,PLC-GUDDU,,,,,0.0,,FFD,https://ffd.pmd.gov.pk/bulletins/archive
2026-08-26,7,PLC-SUKKUR,,,,,0.0,,FFD,https://ffd.pmd.gov.pk/bulletins/archive
2026-08-26,8,PLC-KOTRI,,,,,0.0,,FFD,https://ffd.pmd.gov.pk/bulletins/archive
2026-08-26,10,RTU-MARALA,,49200.0,49200.0,49200.0,0.0,,FFD,https://ffd.pmd.gov.pk/bulletins/archive
2026-08-26,11,RTU-PANJNAD,,70400.0,70400.0,70400.0,0.0,,FFD,https://ffd.pmd.gov.pk/bulletins/archive
2026-09-17,1,RTU-TARBELA,1541.33,115000.0,135000.0,135000.0,0.0,,IRSA,http://pakirsa.gov.pk/Doc/Data17-09-2026.pdf
2026-09-17,2,RTU-MANGLA,1218.95,12719.0,25000.0,25000.0,0.0,,IRSA,http://pakirsa.gov.pk/Doc/Data17-09-2026.pdf
2026-09-17,3,PLC-CHASHMA,646.8,165446.0,162000.0,162000.0,8000.0,60.612,IRSA,http://pakirsa.gov.pk/Doc/Data17-09-2026.pdf
2026-09-17,4,PLC-KALABAGH,646.8,165446.0,162000.0,162000.0,7924.0,38.571,IRSA,http://pakirsa.gov.pk/Doc/Data17-09-2026.pdf
2026-09-17,5,PLC-TAUNSA,,156521.0,135521.0,135521.0,20500.0,54.208,IRSA,http://pakirsa.gov.pk/Doc/Data17-09-2026.pdf
2026-09-17,6,PLC-GUDDU,,132552.0,106305.0,106305.0,26247.0,35.435,IRSA,http://pakirsa.gov.pk/Doc/Data17-09-2026.pdf
2026-09-17,7,PLC-SUKKUR,,66733.0,30378.0,30378.0,50950.0,12.151,IRSA,http://pakirsa.gov.pk/Doc/Data17-09-2026.pdf
2026-09-17,8,PLC-KOTRI,,95960.0,45010.0,45010.0,36355.0,22.505,IRSA,http://pakirsa.gov.pk/Doc/Data17-09-2026.pdf
2026-09-17,9,RTU-NOWSHERA,,,,18900.0,0.0,,IRSA,http://pakirsa.gov.pk/Doc/Data17-09-2026.pdf
2026-09-17,10,RTU-MARALA,,40220.0,11870.0,11870.0,0.0,,IRSA,http://pakirsa.gov.pk/Doc/Data17-09-2026.pdf
2026-09-17,11,RTU-PANJNAD,,18757.0,5107.0,5107.0,0.0,,IRSA,http://pakirsa.gov.pk/Doc/Data17-09-2026.pdf
2026-09-18,1,RTU-TARBELA,1540.38,108000.0,135000.0,135000.0,0.0,,IRSA,http://pakirsa.gov.pk/Doc/Data18-09-2026.pdf
2026-09-18,2,RTU-MANGLA,1218.9,20246.0,22000.0,22000.0,0.0,,IRSA,http://pakirsa.gov.pk/Doc/Data18-09-2026.pdf
2026-09-18,3,PLC-CHASHMA,647.1,178554.0,162000.0,162000.0,8000.0,58.812,IRSA,http://pakirsa.gov.pk/Doc/Data18-09-2026.pdf
2026-09-18,4,PLC-KALABAGH,647.1,178554.0,162000.0,162000.0,7924.0,38.571,IRSA,http://pakirsa.gov.pk/Doc/Data18-09-2026.pdf
2026-09-18,5,PLC-TAUNSA,,153135.0,132835.0,132835.0,19800.0,53.134,IRSA,http://pakirsa.gov.pk/Doc/Data18-09-2026.pdf
2026-09-18,6,PLC-GUDDU,,133158.0,106505.0,106505.0,26653.0,35.502,IRSA,http://pakirsa.gov.pk/Doc/Data18-09-2026.pdf
2026-09-18,7,PLC-SUKKUR,,65570.0,27815.0,27815.0,50740.0,11.126,IRSA,http://pakirsa.gov.pk/Doc/Data18-09-2026.pdf
2026-09-18,8,PLC-KOTRI,,95750.0,45010.0,45010.0,37755.0,22.505,IRSA,http://pakirsa.gov.pk/Doc/Data18-09-2026.pdf
2026-09-18,9,RTU-NOWSHERA,,,,19100.0,0.0,,IRSA,http://pakirsa.gov.pk/Doc/Data18-09-2026.pdf
2026-09-18,10,RTU-MARALA,,47545.0,19282.0,19282.0,0.0,,IRSA,http://pakirsa.gov.pk/Doc/Data18-09-2026.pdf
2026-09-18,11,RTU-PANJNAD,,18907.0,5107.0,5107.0,0.0,,IRSA,http://pakirsa.gov.pk/Doc/Data18-09-2026.pdf
2026-09-19,1,RTU-TARBELA,1539.52,101200.0,125000.0,125000.0,0.0,,IRSA,http://pakirsa.gov.pk/Doc/Data19-09-2026.pdf
2026-09-19,2,RTU-MANGLA,1218.65,13228.0,22000.0,22000.0,0.0,,IRSA,http://pakirsa.gov.pk/Doc/Data19-09-2026.pdf
2026-09-19,3,PLC-CHASHMA,646.2,154354.0,162000.0,162000.0,8000.0,64.565,IRSA,http://pakirsa.gov.pk/Doc/Data19-09-2026.pdf
2026-09-19,4,PLC-KALABAGH,646.2,154354.0,162000.0,162000.0,7924.0,38.571,IRSA,http://pakirsa.gov.pk/Doc/Data19-09-2026.pdf
2026-09-19,5,PLC-TAUNSA,,153723.0,135023.0,135023.0,18200.0,54.009,IRSA,http://pakirsa.gov.pk/Doc/Data19-09-2026.pdf
2026-09-19,6,PLC-GUDDU,,135540.0,110447.0,110447.0,25039.0,36.816,IRSA,http://pakirsa.gov.pk/Doc/Data19-09-2026.pdf
2026-09-19,7,PLC-SUKKUR,,60855.0,21000.0,21000.0,50870.0,8.4,IRSA,http://pakirsa.gov.pk/Doc/Data19-09-2026.pdf
2026-09-19,8,PLC-KOTRI,,95880.0,45010.0,45010.0,39855.0,22.505,IRSA,http://pakirsa.gov.pk/Doc/Data19-09-2026.pdf
2026-09-19,9,RTU-NOWSHERA,,,,20000.0,0.0,,IRSA,http://pakirsa.gov.pk/Doc/Data19-09-2026.pdf
2026-09-19,10,RTU-MARALA,,39685.0,11485.0,11485.0,0.0,,IRSA,http://pakirsa.gov.pk/Doc/Data19-09-2026.pdf
2026-09-19,11,RTU-PANJNAD,,18907.0,5107.0,5107.0,0.0,,IRSA,http://pakirsa.gov.pk/Doc/Data19-09-2026.pdf
2026-09-20,1,RTU-TARBELA,1538.22,89300.0,125000.0,125000.0,0.0,,IRSA,http://pakirsa.gov.pk/Doc/Data20-09-2026.pdf
2026-09-20,2,RTU-MANGLA,1218.4,13228.0,22000.0,22000.0,0.0,,IRSA,http://pakirsa.gov.pk/Doc/Data20-09-2026.pdf
2026-09-20,3,PLC-CHASHMA,645.2,154287.0,162000.0,162000.0,7429.0,72.439,IRSA,http://pakirsa.gov.pk/Doc/Data20-09-2026.pdf
2026-09-20,4,PLC-KALABAGH,645.2,154287.0,162000.0,162000.0,7924.0,38.571,IRSA,http://pakirsa.gov.pk/Doc/Data20-09-2026.pdf
2026-09-20,5,PLC-TAUNSA,,153434.0,133434.0,133434.0,19500.0,53.374,IRSA,http://pakirsa.gov.pk/Doc/Data20-09-2026.pdf
2026-09-20,6,PLC-GUDDU,,137510.0,108215.0,108215.0,29295.0,36.072,IRSA,http://pakirsa.gov.pk/Doc/Data20-09-2026.pdf
2026-09-20,7,PLC-SUKKUR,,52347.0,10802.0,10802.0,50780.0,4.321,IRSA,http://pakirsa.gov.pk/Doc/Data20-09-2026.pdf
2026-09-20,8,PLC-KOTRI,,100095.0,49225.0,49225.0,41545.0,24.613,IRSA,http://pakirsa.gov.pk/Doc/Data20-09-2026.pdf
2026-09-20,9,RTU-NOWSHERA,,,,18400.0,0.0,,IRSA,http://pakirsa.gov.pk/Doc/Data20-09-2026.pdf
2026-09-20,10,RTU-MARALA,,25971.0,7015.0,7015.0,0.0,,IRSA,http://pakirsa.gov.pk/Doc/Data20-09-2026.pdf
2026-09-20,11,RTU-PANJNAD,,18907.0,5107.0,5107.0,0.0,,IRSA,http://pakirsa.gov.pk/Doc/Data20-09-2026.pdf
2026-09-21,1,RTU-TARBELA,1536.55,79000.0,125000.0,125000.0,0.0,,IRSA,http://pakirsa.gov.pk/Doc/Data21-09-2026.pdf
2026-09-21,2,RTU-MANGLA,1218.15,13228.0,22000.0,22000.0,0.0,,IRSA,http://pakirsa.gov.pk/Doc/Data21-09-2026.pdf
2026-09-21,3,PLC-CHASHMA,644.8,150640.0,150000.0,150000.0,5194.0,70.513,IRSA,http://pakirsa.gov.pk/Doc/Data21-09-2026.pdf
2026-09-21,4,PLC-KALABAGH,644.8,150640.0,150000.0,150000.0,7924.0,36.197,IRSA,http://pakirsa.gov.pk/Doc/Data21-09-2026.pdf
2026-09-21,5,PLC-TAUNSA,,157081.0,137081.0,137081.0,19500.0,54.832,IRSA,http://pakirsa.gov.pk/Doc/Data21-09-2026.pdf
2026-09-21,6,PLC-GUDDU,,137637.0,109198.0,109198.0,28439.0,36.399,IRSA,http://pakirsa.gov.pk/Doc/Data21-09-2026.pdf
2026-09-21,7,PLC-SUKKUR,,50502.0,8677.0,8677.0,50870.0,3.471,IRSA,http://pakirsa.gov.pk/Doc/Data21-09-2026.pdf
2026-09-21,8,PLC-KOTRI,,100095.0,49225.0,49225.0,41825.0,24.613,IRSA,http://pakirsa.gov.pk/Doc/Data21-09-2026.pdf
2026-09-21,9,RTU-NOWSHERA,,,,16100.0,0.0,,IRSA,http://pakirsa.gov.pk/Doc/Data21-09-2026.pdf
2026-09-21,10,RTU-MARALA,,23643.0,7000.0,7000.0,0.0,,IRSA,http://pakirsa.gov.pk/Doc/Data21-09-2026.pdf
2026-09-21,11,RTU-PANJNAD,,18907.0,5107.0,5107.0,0.0,,IRSA,http://pakirsa.gov.pk/Doc/Data21-09-2026.pdf
2026-09-22,1,RTU-TARBELA,1534.63,72000.0,125000.0,125000.0,0.0,,IRSA,http://pakirsa.gov.pk/Doc/Data22-09-2026.pdf
2026-09-22,2,RTU-MANGLA,1217.6,11701.0,31000.0,31000.0,0.0,,IRSA,http://pakirsa.gov.pk/Doc/Data22-09-2026.pdf
2026-09-22,3,PLC-CHASHMA,644.9,143778.0,135000.0,135000.0,5265.0,62.658,IRSA,http://pakirsa.gov.pk/Doc/Data22-09-2026.pdf
2026-09-22,4,PLC-KALABAGH,644.9,143778.0,135000.0,135000.0,7924.0,32.359,IRSA,http://pakirsa.gov.pk/Doc/Data22-09-2026.pdf
2026-09-22,5,PLC-TAUNSA,,150693.0,131593.0,131593.0,18600.0,52.637,IRSA,http://pakirsa.gov.pk/Doc/Data22-09-2026.pdf
2026-09-22,6,PLC-GUDDU,,137576.0,106940.0,106940.0,30636.0,35.647,IRSA,http://pakirsa.gov.pk/Doc/Data22-09-2026.pdf
2026-09-22,7,PLC-SUKKUR,,50082.0,8677.0,8677.0,50370.0,3.471,IRSA,http://pakirsa.gov.pk/Doc/Data22-09-2026.pdf
2026-09-22,8,PLC-KOTRI,,101482.0,51112.0,51112.0,41405.0,25.556,IRSA,http://pakirsa.gov.pk/Doc/Data22-09-2026.pdf
2026-09-22,9,RTU-NOWSHERA,,,,15500.0,0.0,,IRSA,http://pakirsa.gov.pk/Doc/Data22-09-2026.pdf
2026-09-22,10,RTU-MARALA,,22285.0,7000.0,7000.0,0.0,,IRSA,http://pakirsa.gov.pk/Doc/Data22-09-2026.pdf
2026-09-22,11,RTU-PANJNAD,,17896.0,4096.0,4096.0,0.0,,IRSA,http://pakirsa.gov.pk/Doc/Data22-09-2026.pdf
2026-09-23,1,RTU-TARBELA,1532.75,68100.0,120000.0,120000.0,0.0,,IRSA,http://pakirsa.gov.pk/Doc/Data23-09-2026.pdf
2026-09-23,2,RTU-MANGLA,1216.9,11438.0,36000.0,36000.0,0.0,,IRSA,http://pakirsa.gov.pk/Doc/Data23-09-2026.pdf
2026-09-23,3,PLC-CHASHMA,645.6,153896.0,135000.0,135000.0,5300.0,57.558,IRSA,http://pakirsa.gov.pk/Doc/Data23-09-2026.pdf
2026-09-23,4,PLC-KALABAGH,645.6,153896.0,135000.0,135000.0,7924.0,32.143,IRSA,http://pakirsa.gov.pk/Doc/Data23-09-2026.pdf
2026-09-23,5,PLC-TAUNSA,,139312.0,120212.0,120212.0,18600.0,48.085,IRSA,http://pakirsa.gov.pk/Doc/Data23-09-2026.pdf
2026-09-23,6,PLC-GUDDU,,137509.0,106395.0,106395.0,31114.0,35.465,IRSA,http://pakirsa.gov.pk/Doc/Data23-09-2026.pdf
2026-09-23,7,PLC-SUKKUR,,50282.0,8677.0,8677.0,50410.0,3.471,IRSA,http://pakirsa.gov.pk/Doc/Data23-09-2026.pdf
2026-09-23,8,PLC-KOTRI,,99990.0,49580.0,49580.0,41605.0,24.79,IRSA,http://pakirsa.gov.pk/Doc/Data23-09-2026.pdf
2026-09-23,9,RTU-NOWSHERA,,,,14400.0,0.0,,IRSA,http://pakirsa.gov.pk/Doc/Data23-09-2026.pdf
2026-09-23,10,RTU-MARALA,,19710.0,7000.0,7000.0,0.0,,IRSA,http://pakirsa.gov.pk/Doc/Data23-09-2026.pdf
2026-09-23,11,RTU-PANJNAD,,20634.0,6784.0,6784.0,0.0,,IRSA,http://pakirsa.gov.pk/Doc/Data23-09-2026.pdf
2026-09-24,1,RTU-TARBELA,1531.1,66500.0,112000.0,112000.0,0.0,,IRSA,http://pakirsa.gov.pk/Doc/Data24-09-2026.pdf
2026-09-24,2,RTU-MANGLA,1216.2,11438.0,36000.0,36000.0,0.0,,IRSA,http://pakirsa.gov.pk/Doc/Data24-09-2026.pdf
2026-09-24,3,PLC-CHASHMA,645.2,135746.0,135000.0,135000.0,5300.0,60.366,IRSA,http://pakirsa.gov.pk/Doc/Data24-09-2026.pdf
2026-09-24,4,PLC-KALABAGH,645.2,135746.0,135000.0,135000.0,7924.0,32.143,IRSA,http://pakirsa.gov.pk/Doc/Data24-09-2026.pdf
2026-09-24,5,PLC-TAUNSA,,133586.0,113586.0,113586.0,19500.0,45.434,IRSA,http://pakirsa.gov.pk/Doc/Data24-09-2026.pdf
2026-09-24,6,PLC-GUDDU,,135100.0,106395.0,106395.0,28705.0,35.465,IRSA,http://pakirsa.gov.pk/Doc/Data24-09-2026.pdf
2026-09-24,7,PLC-SUKKUR,,50002.0,8677.0,8677.0,50410.0,3.471,IRSA,http://pakirsa.gov.pk/Doc/Data24-09-2026.pdf
2026-09-24,8,PLC-KOTRI,,99990.0,49580.0,49580.0,41325.0,24.79,IRSA,http://pakirsa.gov.pk/Doc/Data24-09-2026.pdf
2026-09-24,9,RTU-NOWSHERA,,,,14500.0,0.0,,IRSA,http://pakirsa.gov.pk/Doc/Data24-09-2026.pdf
2026-09-24,10,RTU-MARALA,,20835.0,7000.0,7000.0,0.0,,IRSA,http://pakirsa.gov.pk/Doc/Data24-09-2026.pdf
2026-09-24,11,RTU-PANJNAD,,20634.0,6784.0,6784.0,0.0,,IRSA,http://pakirsa.gov.pk/Doc/Data24-09-2026.pdf
2026-09-25,1,RTU-TARBELA,1529.85,66000.0,100000.0,100000.0,0.0,,IRSA,http://pakirsa.gov.pk/Doc/Data25-09-2026.pdf
2026-09-25,2,RTU-MANGLA,1215.5,11438.0,36000.0,36000.0,0.0,,IRSA,http://pakirsa.gov.pk/Doc/Data25-09-2026.pdf
2026-09-25,3,PLC-CHASHMA,644.4,130200.0,135000.0,135000.0,5300.0,66.892,IRSA,http://pakirsa.gov.pk/Doc/Data25-09-2026.pdf
2026-09-25,4,PLC-KALABAGH,644.4,130200.0,135000.0,135000.0,7740.0,33.482,IRSA,http://pakirsa.gov.pk/Doc/Data25-09-2026.pdf
2026-09-25,5,PLC-TAUNSA,,133886.0,113586.0,113586.0,19800.0,45.434,IRSA,http://pakirsa.gov.pk/Doc/Data25-09-2026.pdf
2026-09-25,6,PLC-GUDDU,,131625.0,104062.0,104062.0,27563.0,34.687,IRSA,http://pakirsa.gov.pk/Doc/Data25-09-2026.pdf
2026-09-25,7,PLC-SUKKUR,,49672.0,9747.0,9747.0,50410.0,3.899,IRSA,http://pakirsa.gov.pk/Doc/Data25-09-2026.pdf
2026-09-25,8,PLC-KOTRI,,99290.0,48880.0,48880.0,39925.0,24.44,IRSA,http://pakirsa.gov.pk/Doc/Data25-09-2026.pdf
2026-09-25,9,RTU-NOWSHERA,,,,14300.0,0.0,,IRSA,http://pakirsa.gov.pk/Doc/Data25-09-2026.pdf
2026-09-25,10,RTU-MARALA,,21311.0,7000.0,7000.0,0.0,,IRSA,http://pakirsa.gov.pk/Doc/Data25-09-2026.pdf
2026-09-25,11,RTU-PANJNAD,,20634.0,6784.0,6784.0,0.0,,IRSA,http://pakirsa.gov.pk/Doc/Data25-09-2026.pdf
2026-09-26,1,RTU-TARBELA,1528.56,67000.0,100000.0,100000.0,0.0,,IRSA,http://pakirsa.gov.pk/Doc/Data26-09-2026.pdf
2026-09-26,2,RTU-MANGLA,1214.7,10929.0,39000.0,39000.0,0.0,,IRSA,http://pakirsa.gov.pk/Doc/Data26-09-2026.pdf
2026-09-26,3,PLC-CHASHMA,645.5,134214.0,113000.0,113000.0,2576.0,48.745,IRSA,http://pakirsa.gov.pk/Doc/Data26-09-2026.pdf
2026-09-26,4,PLC-KALABAGH,645.5,134214.0,113000.0,113000.0,7340.0,26.905,IRSA,http://pakirsa.gov.pk/Doc/Data26-09-2026.pdf
2026-09-26,5,PLC-TAUNSA,,134290.0,110390.0,110390.0,23400.0,44.156,IRSA,http://pakirsa.gov.pk/Doc/Data26-09-2026.pdf
2026-09-26,6,PLC-GUDDU,,122644.0,98138.0,98138.0,24506.0,32.713,IRSA,http://pakirsa.gov.pk/Doc/Data26-09-2026.pdf
2026-09-26,7,PLC-SUKKUR,,54299.0,13954.0,13954.0,50330.0,5.582,IRSA,http://pakirsa.gov.pk/Doc/Data26-09-2026.pdf
2026-09-26,8,PLC-KOTRI,,96930.0,46600.0,46600.0,40345.0,23.3,IRSA,http://pakirsa.gov.pk/Doc/Data26-09-2026.pdf
2026-09-26,9,RTU-NOWSHERA,,,,13200.0,0.0,,IRSA,http://pakirsa.gov.pk/Doc/Data26-09-2026.pdf
2026-09-26,10,RTU-MARALA,,21386.0,7000.0,7000.0,0.0,,IRSA,http://pakirsa.gov.pk/Doc/Data26-09-2026.pdf
2026-09-26,11,RTU-PANJNAD,,14250.0,0.0,0.0,0.0,,IRSA,http://pakirsa.gov.pk/Doc/Data26-09-2026.pdf
